{
  "total_displaced_by_quarter": [
    975.0,
    0.0,
    0.0,
    0.0,
    0.0,
    0.0,
    0.0,
    0.0,
    0.0,
    0.0,
    0.0,
    0.0
  ],
  "total_augmented_by_quarter": [
    1955.0,
    0.0,
    0.0,
    0.0,
    0.0,
    0.0,
    0.0,
    0.0,
    0.0,
    0.0,
    0.0,
    0.0
  ],
  "total_retrained_by_quarter": [
    1752.0,
    0.0,
    0.0,
    0.0,
    0.0,
    0.0,
    0.0,
    0.0,
    0.0,
    0.0,
    0.0,
    0.0
  ],
  "unemployment_rate_by_quarter": [
    0.08438000082969666,
    0.03999999910593033,
    0.03999999910593033,
    0.03999999910593033,
    0.03999999910593033,
    0.03999999910593033,
    0.03999999910593033,
    0.03999999910593033,
    0.03999999910593033,
    0.03999999910593033,
    0.03999999910593033,
    0.03999999910593033
  ],
  "avg_wage_change_by_quarter": [
    0.28476473689079285,
    0.0,
    0.0,
    0.0,
    0.0,
    0.0,
    0.0,
    0.0,
    0.0,
    0.0,
    0.0,
    0.0
  ],
  "gdp_impact_by_quarter": [
    3.1656816005706787,
    0.0,
    0.0,
    0.0,
    0.0,
    0.0,
    0.0,
    0.0,
    0.0,
    0.0,
    0.0,
    0.0
  ],
  "sector_displacement": [
    0.0,
    3714.0,
    451.0,
    10.0,
    0.0,
    0.0,
    177.0,
    3.0,
    28439.0,
    20901.0,
    353.0,
    0.0
  ],
  "sector_augmentation": [
    1.0,
    26411.0,
    7971.0,
    1975.0,
    308.0,
    0.0,
    3621.0,
    659.0,
    37699.0,
    26964.0,
    6835.0,
    497.0
  ],
  "region_unemployment": [
    0.045782145112752914,
    0.04455656558275223,
    0.04447868466377258,
    0.04442596063017845,
    0.04295241832733154
  ],
  "final_unaffected": 753638,
  "final_augmented": 112941,
  "final_at_risk": 279373,
  "final_displaced": 4989,
  "final_retrained": 49059,
  "final_mean_wage": 41931.30859375,
  "final_median_wage": 39169.17578125
}