{
  "mode": "llm",
  "llm_backend": "ollama",
  "llm_model": "ministral-3:8b",
  "n_archetypes": 7,
  "total_displaced_by_quarter": [
    981.0,
    0.0,
    0.0,
    0.0,
    0.0,
    0.0,
    0.0,
    0.0,
    0.0,
    0.0,
    0.0,
    0.0
  ],
  "total_augmented_by_quarter": [
    2004.0,
    0.0,
    0.0,
    0.0,
    0.0,
    0.0,
    0.0,
    0.0,
    0.0,
    0.0,
    0.0,
    0.0
  ],
  "total_retrained_by_quarter": [
    331.0,
    0.0,
    0.0,
    0.0,
    0.0,
    0.0,
    0.0,
    0.0,
    0.0,
    0.0,
    0.0,
    0.0
  ],
  "unemployment_rate_by_quarter": [
    0.11235083639621735,
    0.03999999910593033,
    0.03999999910593033,
    0.03999999910593033,
    0.03999999910593033,
    0.03999999910593033,
    0.03999999910593033,
    0.03999999910593033,
    0.03999999910593033,
    0.03999999910593033,
    0.03999999910593033,
    0.03999999910593033
  ],
  "sector_displacement": [
    0.0,
    3817.0,
    388.0,
    14.0,
    0.0,
    0.0,
    176.0,
    1.0,
    28543.0,
    21081.0,
    356.0,
    1.0
  ],
  "sector_augmentation": [
    0.0,
    26193.0,
    8021.0,
    2043.0,
    311.0,
    1.0,
    3552.0,
    705.0,
    37736.0,
    26907.0,
    6761.0,
    464.0
  ],
  "region_unemployment": [
    0.08583458513021469,
    0.07684466987848282,
    0.07205107063055038,
    0.07345962524414062,
    0.061549343168735504
  ],
  "final_unaffected": 753496,
  "final_augmented": 112694,
  "final_at_risk": 279433,
  "final_displaced": 38554,
  "final_retrained": 15823,
  "final_mean_wage": 41792.5,
  "final_median_wage": 39057.0078125
}